﻿Designator,Footprint,Quantity,Value,LCSC Part #
"C1, C2",1206,2,22p,
"C3, C9",1206,2,10uF,
"C4, C6",1206,2,2.2uF,
C5,1206,1,100nF,
C7,1206,1,.33uF,
C8,1206,1,.1uF,
"J1, J2, J4",JST_PH_B2B-PH-SM4-TB_1x02-1MP_P2.00mm_Vertical,3,B2B-PH-SM4-TB(LF)(SN),
J3,JST_PH_B5B-PH-SM4-TB_1x05-1MP_P2.00mm_Vertical,1,B5B-PH-SM4-TB(LF)(SN),
J5,SolderWire-0.25sqmm_1x04_P4.2mm_D0.65mm_OD1.7mm,1,~,
J6,SolderWire-0.25sqmm_1x02_P4.2mm_D0.65mm_OD1.7mm,1,~,
L1,1210,1,4.7uH,
PS1,NLDD500H,1,LED Driver NLDD-500H,
"R1, R2",1206,2,10k,
U1,TQFP-32_7x7mm_P0.8mm,1,ATmega328-A,
U2,DCY4_TEX,1,LM7805MPX/NOPB,
U3,TSOT-23-6,1,AP63205WU,
Y1,Crystal_SMD_5032-2Pin_5.0x3.2mm,1,16MHz,
